Seed,F1-Score (Dev),Precision (Dev),Recall (Dev),Accuracy (Dev),F1-Score (Test),Precision (Test),Recall (Test),Accuracy (Test),class_numeric_F1-Score,class_numeric_Precision,class_numeric_Recall,class_numeric_Accuracy,class_datetime_F1-Score,class_datetime_Precision,class_datetime_Recall,class_datetime_Accuracy,class_other_F1-Score,class_other_Precision,class_other_Recall,class_other_Accuracy,Model,class_categorical_Accuracy,class_categorical_Precision,class_categorical_Recall,class_categorical_F1-Score,class_sentence_Accuracy,class_sentence_Precision,class_sentence_Recall,class_sentence_F1-Score,class_url_Accuracy,class_url_Precision,class_url_Recall,class_url_F1-Score,class_embedded-number_Accuracy,class_embedded-number_Precision,class_embedded-number_Recall,class_embedded-number_F1-Score,class_list_Accuracy,class_list_Precision,class_list_Recall,class_list_F1-Score,class_not-generalizable_Accuracy,class_not-generalizable_Precision,class_not-generalizable_Recall,class_not-generalizable_F1-Score,class_context-specific_Accuracy,class_context-specific_Precision,class_context-specific_Recall,class_context-specific_F1-Score
11205,0.8895959804704453,0.9102445533060782,0.8826052325344687,0.901973265436028,0.9290569868430558,0.9242351837768096,0.9397791938405609,0.9414225941422594,0.96,0.939,0.982,0.976,0.991,1.0,0.981,0.998,0,0,0,0,"{'Name': 'XGBoost', 'Parameters': {'n_estimators': 10000, 'learning_rate': 0.1, 'n_jobs': -1, 'proc.max_category_levels': 100, 'objective': 'multi:softprob', 'booster': 'gbtree', 'num_class': 9}}",0.979,0.95,0.959,0.954,0.994,0.971,0.944,0.957,1.0,1.0,1.0,1.0,0.996,0.932,1.0,0.965,0.997,0.769,1.0,0.87,0.992,0.96,0.96,0.96,0.952,0.797,0.632,0.705
13569,0.9498498077935734,0.9575903660345281,0.9436699286897698,0.9674344718030182,0.9147301144613444,0.9022649424045994,0.932052232862158,0.9363992172211351,0.965,0.976,0.955,0.977,1.0,1.0,1.0,1.0,0,0,0,0,"{'Name': 'XGBoost', 'Parameters': {'n_estimators': 10000, 'learning_rate': 0.1, 'n_jobs': -1, 'proc.max_category_levels': 100, 'objective': 'multi:softprob', 'booster': 'gbtree', 'num_class': 9}}",0.965,0.916,0.924,0.92,0.994,0.939,0.969,0.954,1.0,1.0,1.0,1.0,0.995,0.957,0.989,0.973,0.997,0.75,1.0,0.857,0.989,0.915,0.966,0.94,0.955,0.667,0.585,0.623
14085,0.9339348379096931,0.9324953933380983,0.9382961987126249,0.9522968197879859,0.9017841614216413,0.9045645799077467,0.9035915004605182,0.9182879377431906,0.944,0.916,0.973,0.97,0.991,0.991,0.991,0.998,0,0,0,0,"{'Name': 'XGBoost', 'Parameters': {'n_estimators': 10000, 'learning_rate': 0.1, 'n_jobs': -1, 'proc.max_category_levels': 100, 'objective': 'multi:softprob', 'booster': 'gbtree', 'num_class': 9}}",0.956,0.931,0.942,0.937,0.994,0.895,0.962,0.927,1.0,1.0,1.0,1.0,0.993,0.918,0.933,0.926,0.996,0.812,0.867,0.839,0.986,0.924,0.924,0.924,0.944,0.753,0.54,0.629
16819,0.9342327743560533,0.9296050180380353,0.9403958936161371,0.9624342599549212,0.9233399081294485,0.9379479699280976,0.9160975940923122,0.9187817258883249,0.937,0.909,0.966,0.961,1.0,1.0,1.0,1.0,0,0,0,0,"{'Name': 'XGBoost', 'Parameters': {'n_estimators': 10000, 'learning_rate': 0.1, 'n_jobs': -1, 'proc.max_category_levels': 100, 'objective': 'multi:softprob', 'booster': 'gbtree', 'num_class': 9}}",0.966,0.864,0.968,0.913,0.996,0.951,0.967,0.959,0.998,0.968,0.968,0.968,0.997,0.99,0.981,0.986,0.999,1.0,0.917,0.957,0.988,0.964,0.953,0.959,0.931,0.795,0.526,0.633
20303,0.9296167945062371,0.9403591781174888,0.925757092549945,0.9177927927927928,0.9182183743416498,0.9218736451958502,0.9156768006809217,0.9238790406673618,0.95,0.918,0.984,0.973,0.996,1.0,0.992,0.999,0,0,0,0,"{'Name': 'XGBoost', 'Parameters': {'n_estimators': 10000, 'learning_rate': 0.1, 'n_jobs': -1, 'proc.max_category_levels': 100, 'objective': 'multi:softprob', 'booster': 'gbtree', 'num_class': 9}}",0.971,0.933,0.924,0.929,0.99,0.95,0.891,0.919,1.0,1.0,1.0,1.0,0.996,0.981,0.981,0.981,0.997,0.882,0.938,0.909,0.982,0.921,0.891,0.906,0.941,0.711,0.641,0.674
20970,0.9340736945878724,0.9329130979130978,0.9367963013423233,0.9470858895705522,0.8972690128362141,0.905033832169446,0.9018287039549526,0.899365367180417,0.973,0.978,0.968,0.991,0.996,0.991,1.0,0.999,0,0,0,0,"{'Name': 'XGBoost', 'Parameters': {'n_estimators': 10000, 'learning_rate': 0.1, 'n_jobs': -1, 'proc.max_category_levels': 100, 'objective': 'multi:softprob', 'booster': 'gbtree', 'num_class': 9}}",0.92,0.813,0.971,0.885,0.989,0.901,0.965,0.932,1.0,1.0,1.0,1.0,0.995,0.97,0.98,0.975,0.998,0.857,1.0,0.923,0.926,0.968,0.608,0.747,0.98,0.667,0.625,0.645
21012,0.9342203692410469,0.9298249811036688,0.9403855683538396,0.9600798403193613,0.9272380525889297,0.9363398783346611,0.920219728755879,0.9436619718309859,0.954,0.957,0.95,0.972,1.0,1.0,1.0,1.0,0,0,0,0,"{'Name': 'XGBoost', 'Parameters': {'n_estimators': 10000, 'learning_rate': 0.1, 'n_jobs': -1, 'proc.max_category_levels': 100, 'objective': 'multi:softprob', 'booster': 'gbtree', 'num_class': 9}}",0.979,0.936,0.974,0.955,0.993,0.984,0.923,0.952,1.0,1.0,1.0,1.0,0.993,0.904,0.979,0.94,0.999,1.0,0.875,0.933,0.994,0.965,0.976,0.971,0.958,0.681,0.604,0.64
21673,0.9319355891336731,0.9301563789982927,0.9339504238508086,0.9442105263157895,0.9207557874384018,0.9493657883744306,0.9019171383476731,0.9517684887459807,0.947,0.925,0.971,0.982,1.0,1.0,1.0,1.0,0,0,0,0,"{'Name': 'XGBoost', 'Parameters': {'n_estimators': 10000, 'learning_rate': 0.1, 'n_jobs': -1, 'proc.max_category_levels': 100, 'objective': 'multi:softprob', 'booster': 'gbtree', 'num_class': 9}}",0.973,0.966,0.978,0.972,0.991,0.908,0.922,0.915,1.0,1.0,1.0,1.0,0.998,0.981,0.981,0.981,0.997,1.0,0.636,0.778,0.986,0.958,0.906,0.931,0.975,0.806,0.725,0.763
22146,0.9284613805970733,0.9237919142797119,0.9354654453926956,0.9391824526420738,0.9281460050616942,0.9188137233751568,0.942994030218215,0.9586077140169332,0.976,0.972,0.979,0.987,0.996,1.0,0.992,0.999,0,0,0,0,"{'Name': 'XGBoost', 'Parameters': {'n_estimators': 10000, 'learning_rate': 0.1, 'n_jobs': -1, 'proc.max_category_levels': 100, 'objective': 'multi:softprob', 'booster': 'gbtree', 'num_class': 9}}",0.978,0.929,0.953,0.941,0.998,1.0,0.976,0.988,1.0,1.0,1.0,1.0,0.999,1.0,0.995,0.998,0.998,0.714,1.0,0.833,0.989,0.937,0.914,0.925,0.969,0.717,0.679,0.697
22732,0.94683019477611,0.9561213554563971,0.940168625623802,0.949,0.9108762030721343,0.8976747319956178,0.9313330606021556,0.9198184568835098,0.932,0.91,0.955,0.972,1.0,1.0,1.0,1.0,0,0,0,0,"{'Name': 'XGBoost', 'Parameters': {'n_estimators': 10000, 'learning_rate': 0.1, 'n_jobs': -1, 'proc.max_category_levels': 100, 'objective': 'multi:softprob', 'booster': 'gbtree', 'num_class': 9}}",0.952,0.941,0.935,0.938,0.995,0.907,0.98,0.942,1.0,1.0,1.0,1.0,0.994,0.954,0.954,0.954,0.996,0.706,1.0,0.828,0.988,0.918,0.935,0.927,0.942,0.743,0.623,0.678
24604,0.9458446978038761,0.9530766840518995,0.9408975201044125,0.9585531273549359,0.9387216065522096,0.9402812325736775,0.9380111348243675,0.9486373165618449,0.968,0.964,0.972,0.983,0.996,0.992,1.0,0.999,0,0,0,0,"{'Name': 'XGBoost', 'Parameters': {'n_estimators': 10000, 'learning_rate': 0.1, 'n_jobs': -1, 'proc.max_category_levels': 100, 'objective': 'multi:softprob', 'booster': 'gbtree', 'num_class': 9}}",0.977,0.954,0.954,0.954,0.987,0.932,0.908,0.92,1.0,1.0,1.0,1.0,0.996,0.961,0.987,0.974,0.998,0.933,0.933,0.933,0.993,0.936,0.989,0.962,0.964,0.79,0.7,0.742
31415,0.9121671215847523,0.9111412933294254,0.9281728374700849,0.9336437718277066,0.9404004709277554,0.952464583344462,0.93001500959648,0.9506828528072838,0.956,0.942,0.97,0.982,1.0,1.0,1.0,1.0,0,0,0,0,"{'Name': 'XGBoost', 'Parameters': {'n_estimators': 10000, 'learning_rate': 0.1, 'n_jobs': -1, 'proc.max_category_levels': 100, 'objective': 'multi:softprob', 'booster': 'gbtree', 'num_class': 9}}",0.974,0.963,0.97,0.967,0.995,0.959,0.946,0.952,1.0,1.0,1.0,1.0,0.998,0.979,0.989,0.984,0.999,1.0,0.857,0.923,0.986,0.937,0.915,0.925,0.968,0.793,0.722,0.756
31819,0.9326326233709175,0.9416771490551389,0.9272933986765288,0.9279031370390755,0.9149879180266787,0.9273752567887189,0.9075082423879675,0.9246704331450094,0.931,0.9,0.964,0.97,0.993,0.993,0.993,0.998,0,0,0,0,"{'Name': 'XGBoost', 'Parameters': {'n_estimators': 10000, 'learning_rate': 0.1, 'n_jobs': -1, 'proc.max_category_levels': 100, 'objective': 'multi:softprob', 'booster': 'gbtree', 'num_class': 9}}",0.963,0.91,0.953,0.931,0.995,0.958,0.971,0.965,1.0,1.0,1.0,1.0,0.997,0.99,0.979,0.984,0.997,0.929,0.867,0.897,0.986,0.937,0.929,0.933,0.943,0.73,0.511,0.601
32296,0.9480735755672298,0.958494830402683,0.9406959727409211,0.9438202247191011,0.9341873244623796,0.9326749081154099,0.9365754958849115,0.9496810772501771,0.964,0.954,0.974,0.988,1.0,1.0,1.0,1.0,0,0,0,0,"{'Name': 'XGBoost', 'Parameters': {'n_estimators': 10000, 'learning_rate': 0.1, 'n_jobs': -1, 'proc.max_category_levels': 100, 'objective': 'multi:softprob', 'booster': 'gbtree', 'num_class': 9}}",0.977,0.973,0.959,0.966,0.993,0.911,0.911,0.911,1.0,1.0,1.0,1.0,0.996,0.977,0.966,0.972,0.991,0.989,0.943,0.966,0.983,0.85,0.956,0.9,0.972,0.74,0.72,0.73
34496,0.9170778562486999,0.9322485188715142,0.9119424030930605,0.9096916299559471,0.913234398509918,0.9160600603789768,0.9138538222043029,0.9329073482428115,0.965,0.964,0.966,0.972,0.996,1.0,0.991,0.999,0,0,0,0,"{'Name': 'XGBoost', 'Parameters': {'n_estimators': 10000, 'learning_rate': 0.1, 'n_jobs': -1, 'proc.max_category_levels': 100, 'objective': 'multi:softprob', 'booster': 'gbtree', 'num_class': 9}}",0.966,0.871,0.961,0.914,0.996,0.983,0.937,0.959,1.0,1.0,1.0,1.0,0.996,0.988,0.955,0.971,0.997,0.8,0.923,0.857,0.993,0.967,0.959,0.963,0.946,0.671,0.533,0.594
36522,0.9184873881267248,0.9192377632640388,0.920825670543286,0.934056007226739,0.9181171793802181,0.9156854044073872,0.9236767078472339,0.9385892116182573,0.961,0.975,0.948,0.977,1.0,1.0,1.0,1.0,0,0,0,0,"{'Name': 'XGBoost', 'Parameters': {'n_estimators': 10000, 'learning_rate': 0.1, 'n_jobs': -1, 'proc.max_category_levels': 100, 'objective': 'multi:softprob', 'booster': 'gbtree', 'num_class': 9}}",0.965,0.928,0.966,0.946,0.994,0.982,0.9,0.939,1.0,1.0,1.0,1.0,0.995,0.946,0.972,0.959,0.995,0.75,0.938,0.833,0.985,0.928,0.865,0.895,0.966,0.733,0.724,0.728
37940,0.915617386476695,0.9203712076747252,0.9177783222434981,0.9397697077059345,0.91794225206473,0.9218841876836882,0.9157092580780632,0.9352836879432624,0.954,0.945,0.962,0.973,1.0,1.0,1.0,1.0,0,0,0,0,"{'Name': 'XGBoost', 'Parameters': {'n_estimators': 10000, 'learning_rate': 0.1, 'n_jobs': -1, 'proc.max_category_levels': 100, 'objective': 'multi:softprob', 'booster': 'gbtree', 'num_class': 9}}",0.974,0.908,0.941,0.924,0.992,0.95,0.905,0.927,1.0,1.0,1.0,1.0,0.995,0.943,0.988,0.965,0.99,0.994,0.947,0.97,0.983,0.865,0.917,0.89,0.963,0.692,0.581,0.632
40261,0.9200413289999071,0.933281370859448,0.9118035889375994,0.9151873767258383,0.9066181570631444,0.9158422310182126,0.9051223839521967,0.9214365881032548,0.93,0.884,0.981,0.974,1.0,1.0,1.0,1.0,0,0,0,0,"{'Name': 'XGBoost', 'Parameters': {'n_estimators': 10000, 'learning_rate': 0.1, 'n_jobs': -1, 'proc.max_category_levels': 100, 'objective': 'multi:softprob', 'booster': 'gbtree', 'num_class': 9}}",0.951,0.922,0.968,0.944,0.993,0.915,0.903,0.909,1.0,1.0,1.0,1.0,0.998,0.99,0.969,0.979,0.999,0.833,1.0,0.909,0.964,0.951,0.779,0.857,0.965,0.746,0.546,0.631
41251,0.9176681009593138,0.9181184154158506,0.9201696698244928,0.9292709466811752,0.941292090825391,0.9473936514594998,0.9365481949302072,0.9538572458543619,0.963,0.951,0.975,0.983,1.0,1.0,1.0,1.0,0,0,0,0,"{'Name': 'XGBoost', 'Parameters': {'n_estimators': 10000, 'learning_rate': 0.1, 'n_jobs': -1, 'proc.max_category_levels': 100, 'objective': 'multi:softprob', 'booster': 'gbtree', 'num_class': 9}}",0.978,0.935,0.968,0.951,0.993,0.925,0.891,0.907,1.0,1.0,1.0,1.0,0.999,0.994,1.0,0.997,0.994,1.0,0.958,0.978,0.989,0.889,0.923,0.906,0.972,0.833,0.714,0.769
41983,0.913631758197135,0.9315306675991215,0.9053752437079964,0.8947885939036382,0.9541094995565221,0.9550177666877138,0.9548097339057049,0.9571836346336822,0.978,0.964,0.993,0.989,0.991,0.991,0.991,0.998,0,0,0,0,"{'Name': 'XGBoost', 'Parameters': {'n_estimators': 10000, 'learning_rate': 0.1, 'n_jobs': -1, 'proc.max_category_levels': 100, 'objective': 'multi:softprob', 'booster': 'gbtree', 'num_class': 9}}",0.973,0.922,0.94,0.931,0.993,0.952,0.937,0.944,1.0,1.0,1.0,1.0,0.997,0.995,0.989,0.992,0.999,0.917,1.0,0.957,0.989,0.931,0.95,0.941,0.976,0.924,0.793,0.854
45101,0.9215360919177336,0.9251668715397849,0.9190344280108107,0.9477611940298507,0.9310323305399364,0.9344627266813009,0.9282855718362827,0.9389140271493213,0.963,0.967,0.959,0.98,0.996,0.991,1.0,0.999,0,0,0,0,"{'Name': 'XGBoost', 'Parameters': {'n_estimators': 10000, 'learning_rate': 0.1, 'n_jobs': -1, 'proc.max_category_levels': 100, 'objective': 'multi:softprob', 'booster': 'gbtree', 'num_class': 9}}",0.968,0.897,0.942,0.919,0.994,0.947,0.915,0.931,1.0,1.0,1.0,1.0,0.998,0.979,0.989,0.984,0.992,0.979,0.969,0.974,0.986,0.926,0.933,0.93,0.962,0.724,0.647,0.683
46647,0.9038150714317492,0.9050846897315689,0.9211482721780998,0.9261559696342305,0.9144021891507647,0.9345241275010968,0.9010124509552055,0.9326275264677575,0.936,0.907,0.967,0.969,0.995,0.99,1.0,0.999,0,0,0,0,"{'Name': 'XGBoost', 'Parameters': {'n_estimators': 10000, 'learning_rate': 0.1, 'n_jobs': -1, 'proc.max_category_levels': 100, 'objective': 'multi:softprob', 'booster': 'gbtree', 'num_class': 9}}",0.969,0.955,0.955,0.955,0.993,0.944,0.927,0.936,1.0,1.0,1.0,1.0,0.997,0.978,0.989,0.984,0.997,1.0,0.769,0.87,0.987,0.903,0.955,0.928,0.953,0.732,0.547,0.626
47585,0.9277326257588574,0.9306117649629879,0.9266342366650591,0.936658749010293,0.931346608283961,0.9299287921575671,0.9339851969721435,0.9435273675065161,0.965,0.967,0.962,0.974,1.0,1.0,1.0,1.0,0,0,0,0,"{'Name': 'XGBoost', 'Parameters': {'n_estimators': 10000, 'learning_rate': 0.1, 'n_jobs': -1, 'proc.max_category_levels': 100, 'objective': 'multi:softprob', 'booster': 'gbtree', 'num_class': 9}}",0.974,0.894,0.944,0.918,0.996,0.938,0.984,0.961,1.0,1.0,1.0,1.0,0.997,0.969,1.0,0.984,0.996,0.824,0.875,0.848,0.989,0.96,0.913,0.936,0.963,0.818,0.727,0.77
48728,0.9340520607875477,0.9377357035890298,0.9313814036412056,0.9510433386837881,0.9228776828107077,0.9401852702160964,0.9141383484685743,0.9343971631205674,0.982,0.979,0.985,0.989,0.991,0.983,1.0,0.999,0,0,0,0,"{'Name': 'XGBoost', 'Parameters': {'n_estimators': 10000, 'learning_rate': 0.1, 'n_jobs': -1, 'proc.max_category_levels': 100, 'objective': 'multi:softprob', 'booster': 'gbtree', 'num_class': 9}}",0.95,0.827,0.978,0.897,0.995,0.891,0.961,0.925,1.0,1.0,1.0,1.0,0.998,1.0,0.972,0.986,0.998,1.0,0.984,0.992,0.963,0.966,0.752,0.846,0.976,0.815,0.595,0.688
52460,0.9359988917070375,0.9237949023118784,0.956634207148801,0.9558481797056545,0.913311657943465,0.9331274721866881,0.90125113988895,0.9172932330827067,0.971,0.949,0.994,0.986,0.987,0.991,0.983,0.998,0,0,0,0,"{'Name': 'XGBoost', 'Parameters': {'n_estimators': 10000, 'learning_rate': 0.1, 'n_jobs': -1, 'proc.max_category_levels': 100, 'objective': 'multi:softprob', 'booster': 'gbtree', 'num_class': 9}}",0.945,0.862,0.975,0.915,0.99,0.841,0.93,0.883,1.0,1.0,1.0,1.0,0.997,0.981,0.981,0.981,0.999,1.0,0.857,0.923,0.951,0.968,0.767,0.856,0.967,0.806,0.624,0.703
53044,0.9376857727436069,0.9462492457177246,0.9319303230649449,0.9302769818529131,0.9314251066778301,0.9452369070968799,0.9228020153895101,0.9535836177474403,0.96,0.948,0.973,0.982,0.996,0.992,1.0,0.999,0,0,0,0,"{'Name': 'XGBoost', 'Parameters': {'n_estimators': 10000, 'learning_rate': 0.1, 'n_jobs': -1, 'proc.max_category_levels': 100, 'objective': 'multi:softprob', 'booster': 'gbtree', 'num_class': 9}}",0.971,0.961,0.975,0.968,0.992,0.886,0.959,0.921,1.0,1.0,1.0,1.0,0.999,0.983,0.983,0.983,0.998,0.917,0.846,0.88,0.995,0.971,0.961,0.966,0.971,0.85,0.607,0.708
53141,0.9179393814301852,0.9268618379161313,0.9115771818665814,0.9285714285714286,0.9491696233496028,0.9567520055218373,0.9437773416936722,0.9462129527991219,0.959,0.944,0.975,0.978,0.996,1.0,0.992,0.999,0,0,0,0,"{'Name': 'XGBoost', 'Parameters': {'n_estimators': 10000, 'learning_rate': 0.1, 'n_jobs': -1, 'proc.max_category_levels': 100, 'objective': 'multi:softprob', 'booster': 'gbtree', 'num_class': 9}}",0.973,0.892,0.963,0.926,0.993,0.955,0.955,0.955,1.0,1.0,1.0,1.0,0.998,0.99,0.99,0.99,1.0,1.0,1.0,1.0,0.987,0.967,0.906,0.935,0.965,0.864,0.712,0.781
53271,0.9455831409452229,0.9382781629760871,0.9545704854719932,0.952920662598082,0.9319729655583094,0.937805372287483,0.9277366946322463,0.9405864197530864,0.947,0.932,0.963,0.978,0.997,0.993,1.0,0.999,0,0,0,0,"{'Name': 'XGBoost', 'Parameters': {'n_estimators': 10000, 'learning_rate': 0.1, 'n_jobs': -1, 'proc.max_category_levels': 100, 'objective': 'multi:softprob', 'booster': 'gbtree', 'num_class': 9}}",0.966,0.946,0.966,0.956,0.998,0.986,0.973,0.98,1.0,1.0,1.0,1.0,0.996,0.988,0.952,0.97,0.998,0.895,0.944,0.919,0.98,0.878,0.86,0.869,0.967,0.823,0.691,0.751
54524,0.9508370597082038,0.9546362633849177,0.9474894564908727,0.9611197511664075,0.9261440404710292,0.9176556730390537,0.9433496664988373,0.9520440251572327,0.956,0.954,0.959,0.976,0.987,0.982,0.991,0.998,0,0,0,0,"{'Name': 'XGBoost', 'Parameters': {'n_estimators': 10000, 'learning_rate': 0.1, 'n_jobs': -1, 'proc.max_category_levels': 100, 'objective': 'multi:softprob', 'booster': 'gbtree', 'num_class': 9}}",0.978,0.961,0.978,0.97,0.998,0.963,0.981,0.972,1.0,1.0,1.0,1.0,0.996,0.954,0.988,0.971,0.997,0.667,1.0,0.8,0.991,0.99,0.908,0.947,0.97,0.788,0.684,0.732
56426,0.9189227007718053,0.9235831010008491,0.9153785894060227,0.9438029253271748,0.9420411409662557,0.9359913236017251,0.9510191490758702,0.9586776859504132,0.971,0.952,0.991,0.988,0.996,0.991,1.0,0.999,0,0,0,0,"{'Name': 'XGBoost', 'Parameters': {'n_estimators': 10000, 'learning_rate': 0.1, 'n_jobs': -1, 'proc.max_category_levels': 100, 'objective': 'multi:softprob', 'booster': 'gbtree', 'num_class': 9}}",0.977,0.979,0.956,0.967,0.99,0.904,0.943,0.923,1.0,1.0,1.0,1.0,0.998,1.0,0.983,0.991,0.998,0.846,1.0,0.917,0.99,0.902,0.961,0.931,0.977,0.849,0.726,0.783
58365,0.9024578604431697,0.9035473888971133,0.9090442534235071,0.9088256746900073,0.9236522651482011,0.9320992897597873,0.921846317407113,0.9382102272727273,0.949,0.941,0.958,0.976,0.996,0.991,1.0,0.999,0,0,0,0,"{'Name': 'XGBoost', 'Parameters': {'n_estimators': 10000, 'learning_rate': 0.1, 'n_jobs': -1, 'proc.max_category_levels': 100, 'objective': 'multi:softprob', 'booster': 'gbtree', 'num_class': 9}}",0.972,0.937,0.977,0.957,0.996,0.927,0.981,0.953,1.0,1.0,1.0,1.0,0.999,0.967,1.0,0.983,0.992,0.995,0.949,0.971,0.982,0.851,0.915,0.882,0.96,0.78,0.517,0.622
59286,0.914603545376761,0.9296957490170334,0.907265421784478,0.8945712037765539,0.9102455588632028,0.9248245440160405,0.8997119703699887,0.9253279515640767,0.938,0.92,0.956,0.968,0.992,0.992,0.992,0.998,0,0,0,0,"{'Name': 'XGBoost', 'Parameters': {'n_estimators': 10000, 'learning_rate': 0.1, 'n_jobs': -1, 'proc.max_category_levels': 100, 'objective': 'multi:softprob', 'booster': 'gbtree', 'num_class': 9}}",0.964,0.897,0.946,0.921,0.993,0.924,0.968,0.946,1.0,1.0,1.0,1.0,0.999,0.991,1.0,0.995,0.996,0.9,0.75,0.818,0.985,0.961,0.9,0.93,0.949,0.738,0.585,0.653
59931,0.9302834596498476,0.9307606086460444,0.9331560203002238,0.9347675225537821,0.9515035829345133,0.9520093009591873,0.9514352480116608,0.9614213197969543,0.978,0.986,0.97,0.987,0.996,1.0,0.991,0.999,0,0,0,0,"{'Name': 'XGBoost', 'Parameters': {'n_estimators': 10000, 'learning_rate': 0.1, 'n_jobs': -1, 'proc.max_category_levels': 100, 'objective': 'multi:softprob', 'booster': 'gbtree', 'num_class': 9}}",0.981,0.954,0.958,0.956,0.992,0.911,0.944,0.927,1.0,1.0,1.0,1.0,0.996,0.98,0.98,0.98,0.997,0.929,0.867,0.897,0.994,0.944,0.988,0.966,0.978,0.864,0.864,0.864
60636,0.9192409163619835,0.9216833707969412,0.9270977214061392,0.9215469613259668,0.8939512733220114,0.896492357079447,0.899848701944559,0.9193877551020408,0.942,0.923,0.963,0.964,0.996,1.0,0.992,0.999,0,0,0,0,"{'Name': 'XGBoost', 'Parameters': {'n_estimators': 10000, 'learning_rate': 0.1, 'n_jobs': -1, 'proc.max_category_levels': 100, 'objective': 'multi:softprob', 'booster': 'gbtree', 'num_class': 9}}",0.964,0.876,0.947,0.91,0.992,0.984,0.899,0.939,1.0,1.0,1.0,1.0,0.996,0.961,0.986,0.973,0.996,0.667,0.857,0.75,0.991,0.946,0.972,0.959,0.937,0.712,0.483,0.575
61018,0.9412627625032852,0.9466922847295824,0.939680123165673,0.9433333333333334,0.9375341320849628,0.945131469393091,0.9313547503903372,0.9499151103565365,0.959,0.95,0.969,0.969,1.0,1.0,1.0,1.0,0,0,0,0,"{'Name': 'XGBoost', 'Parameters': {'n_estimators': 10000, 'learning_rate': 0.1, 'n_jobs': -1, 'proc.max_category_levels': 100, 'objective': 'multi:softprob', 'booster': 'gbtree', 'num_class': 9}}",0.984,0.935,0.969,0.952,0.996,0.95,0.927,0.938,1.0,1.0,1.0,1.0,0.998,0.995,0.995,0.995,1.0,1.0,1.0,1.0,0.992,0.964,0.931,0.947,0.961,0.712,0.592,0.646
61182,0.9182435154961688,0.922751536560971,0.9181302811708599,0.9346787041954329,0.9126934087970047,0.904006405478061,0.932272899645935,0.9332603938730853,0.956,0.956,0.956,0.978,1.0,1.0,1.0,1.0,0,0,0,0,"{'Name': 'XGBoost', 'Parameters': {'n_estimators': 10000, 'learning_rate': 0.1, 'n_jobs': -1, 'proc.max_category_levels': 100, 'objective': 'multi:softprob', 'booster': 'gbtree', 'num_class': 9}}",0.965,0.897,0.95,0.923,0.996,0.962,0.962,0.962,1.0,1.0,1.0,1.0,0.998,0.981,1.0,0.99,0.995,0.643,1.0,0.783,0.991,0.968,0.948,0.958,0.944,0.73,0.575,0.643
62398,0.9434402630499762,0.9558693883233773,0.9366957127005107,0.9433962264150944,0.9291396660446968,0.9371826458715221,0.9257572211118252,0.9218642906100069,0.974,0.981,0.968,0.985,1.0,1.0,1.0,1.0,0,0,0,0,"{'Name': 'XGBoost', 'Parameters': {'n_estimators': 10000, 'learning_rate': 0.1, 'n_jobs': -1, 'proc.max_category_levels': 100, 'objective': 'multi:softprob', 'booster': 'gbtree', 'num_class': 9}}",0.942,0.852,0.977,0.91,0.994,0.899,0.969,0.932,1.0,1.0,1.0,1.0,0.998,0.979,0.958,0.968,1.0,1.0,1.0,1.0,0.951,0.964,0.74,0.837,0.974,0.761,0.72,0.74
62881,0.9392075509996572,0.9452208663767849,0.937845640387774,0.9316901408450704,0.9340144105456404,0.9376283332348915,0.9313057733706351,0.9555822328931572,0.979,0.976,0.983,0.986,0.995,1.0,0.991,0.999,0,0,0,0,"{'Name': 'XGBoost', 'Parameters': {'n_estimators': 10000, 'learning_rate': 0.1, 'n_jobs': -1, 'proc.max_category_levels': 100, 'objective': 'multi:softprob', 'booster': 'gbtree', 'num_class': 9}}",0.98,0.895,0.94,0.917,0.993,0.968,0.938,0.953,1.0,1.0,1.0,1.0,0.999,0.984,1.0,0.992,0.998,0.917,0.917,0.917,0.992,0.966,0.975,0.97,0.966,0.732,0.638,0.682
63651,0.9266209768409561,0.9368621199934376,0.9222179244271715,0.9337899543378996,0.8984254565504004,0.8994600402014677,0.9049155061838547,0.9160608063450099,0.971,0.974,0.967,0.988,0.997,1.0,0.993,0.999,0,0,0,0,"{'Name': 'XGBoost', 'Parameters': {'n_estimators': 10000, 'learning_rate': 0.1, 'n_jobs': -1, 'proc.max_category_levels': 100, 'objective': 'multi:softprob', 'booster': 'gbtree', 'num_class': 9}}",0.937,0.872,0.967,0.917,0.995,0.93,0.957,0.943,1.0,1.0,1.0,1.0,0.996,0.976,0.953,0.965,0.996,0.706,0.923,0.8,0.952,0.962,0.726,0.827,0.97,0.676,0.657,0.667
67419,0.9510355859905343,0.9537681527213755,0.9485724827178292,0.9585492227979274,0.8668612688030715,0.8668630921189373,0.8796838463929372,0.8949086161879896,0.953,0.956,0.95,0.98,0.992,0.992,0.992,0.999,0,0,0,0,"{'Name': 'XGBoost', 'Parameters': {'n_estimators': 10000, 'learning_rate': 0.1, 'n_jobs': -1, 'proc.max_category_levels': 100, 'objective': 'multi:softprob', 'booster': 'gbtree', 'num_class': 9}}",0.93,0.875,0.962,0.916,0.987,0.795,0.957,0.868,1.0,1.0,1.0,1.0,0.995,0.932,0.972,0.952,0.995,0.643,0.818,0.72,0.941,0.958,0.615,0.749,0.962,0.651,0.651,0.651
67992,0.937158004622643,0.9357936952785066,0.9414509887452928,0.9411764705882353,0.9225218917227207,0.9250233706207536,0.9248404139510737,0.9286328460877042,0.956,0.953,0.959,0.976,0.996,1.0,0.992,0.999,0,0,0,0,"{'Name': 'XGBoost', 'Parameters': {'n_estimators': 10000, 'learning_rate': 0.1, 'n_jobs': -1, 'proc.max_category_levels': 100, 'objective': 'multi:softprob', 'booster': 'gbtree', 'num_class': 9}}",0.966,0.868,0.95,0.907,0.993,0.877,0.98,0.926,1.0,1.0,1.0,1.0,0.997,0.986,0.971,0.978,0.99,1.0,0.938,0.968,0.979,0.838,0.926,0.88,0.956,0.803,0.606,0.691
71340,0.9254247047156063,0.9213681543129398,0.9395493810014397,0.948019801980198,0.932143627887268,0.9277931157542396,0.9377334459021474,0.921803127874885,0.936,0.977,0.898,0.963,1.0,1.0,1.0,1.0,0,0,0,0,"{'Name': 'XGBoost', 'Parameters': {'n_estimators': 10000, 'learning_rate': 0.1, 'n_jobs': -1, 'proc.max_category_levels': 100, 'objective': 'multi:softprob', 'booster': 'gbtree', 'num_class': 9}}",0.959,0.887,0.951,0.918,0.992,0.918,0.933,0.926,1.0,1.0,1.0,1.0,1.0,1.0,1.0,1.0,0.999,0.933,1.0,0.966,0.989,0.959,0.922,0.94,0.942,0.676,0.735,0.704
72974,0.9402738763497113,0.9379959667095261,0.946886571699491,0.9511993382961125,0.9225563081861845,0.9337018046593238,0.9156800405334589,0.9319175515302935,0.977,0.979,0.975,0.988,1.0,1.0,1.0,1.0,0,0,0,0,"{'Name': 'XGBoost', 'Parameters': {'n_estimators': 10000, 'learning_rate': 0.1, 'n_jobs': -1, 'proc.max_category_levels': 100, 'objective': 'multi:softprob', 'booster': 'gbtree', 'num_class': 9}}",0.953,0.856,0.98,0.914,0.993,0.908,0.922,0.915,1.0,1.0,1.0,1.0,0.997,0.944,0.962,0.953,0.998,0.995,0.984,0.989,0.959,0.949,0.77,0.851,0.977,0.772,0.647,0.704
74316,0.8877161499152513,0.907634721541301,0.8792760941035693,0.8944300518134715,0.9542941952874244,0.9539488811779854,0.9578923947991989,0.9661949685534591,0.98,0.984,0.976,0.988,1.0,1.0,1.0,1.0,0,0,0,0,"{'Name': 'XGBoost', 'Parameters': {'n_estimators': 10000, 'learning_rate': 0.1, 'n_jobs': -1, 'proc.max_category_levels': 100, 'objective': 'multi:softprob', 'booster': 'gbtree', 'num_class': 9}}",0.981,0.951,0.99,0.97,0.997,0.959,0.986,0.973,1.0,1.0,1.0,1.0,0.999,0.987,1.0,0.994,0.998,0.846,1.0,0.917,0.99,0.971,0.936,0.953,0.979,0.887,0.733,0.803
74427,0.9388246194795686,0.9331583188452718,0.9455514837784165,0.961038961038961,0.9621984750528626,0.9640183063219531,0.9605448087458368,0.9662309368191722,0.984,0.982,0.986,0.992,1.0,1.0,1.0,1.0,0,0,0,0,"{'Name': 'XGBoost', 'Parameters': {'n_estimators': 10000, 'learning_rate': 0.1, 'n_jobs': -1, 'proc.max_category_levels': 100, 'objective': 'multi:softprob', 'booster': 'gbtree', 'num_class': 9}}",0.983,0.957,0.966,0.961,0.993,0.97,0.941,0.955,1.0,1.0,1.0,1.0,0.999,0.989,1.0,0.995,1.0,1.0,1.0,1.0,0.992,0.956,0.967,0.961,0.973,0.823,0.785,0.803
75934,0.9049508911711384,0.9073967326905302,0.915074043856924,0.9127134724857685,0.9212044211598527,0.9139543824627145,0.9309933863789378,0.9375,0.957,0.975,0.939,0.97,0.995,1.0,0.991,0.999,0,0,0,0,"{'Name': 'XGBoost', 'Parameters': {'n_estimators': 10000, 'learning_rate': 0.1, 'n_jobs': -1, 'proc.max_category_levels': 100, 'objective': 'multi:softprob', 'booster': 'gbtree', 'num_class': 9}}",0.971,0.881,0.903,0.892,0.996,0.953,0.968,0.961,1.0,1.0,1.0,1.0,0.997,0.99,0.995,0.992,0.997,0.882,0.938,0.909,0.986,0.97,0.915,0.942,0.957,0.575,0.73,0.643
76411,0.9153887094078712,0.9378631005886918,0.9053420052741123,0.9084041548630784,0.9394562637668812,0.9396628987566835,0.9410859081211042,0.9425778863775198,0.962,0.955,0.97,0.982,0.987,0.987,0.987,0.998,0,0,0,0,"{'Name': 'XGBoost', 'Parameters': {'n_estimators': 10000, 'learning_rate': 0.1, 'n_jobs': -1, 'proc.max_category_levels': 100, 'objective': 'multi:softprob', 'booster': 'gbtree', 'num_class': 9}}",0.966,0.956,0.956,0.956,0.993,0.844,0.982,0.908,1.0,1.0,1.0,1.0,0.999,0.987,0.987,0.987,0.999,1.0,0.941,0.97,0.985,0.908,0.908,0.908,0.963,0.82,0.739,0.778
77425,0.9342305997760367,0.9427259180901966,0.929012042549477,0.9455497382198953,0.9121402526568496,0.9088569586371005,0.9183994282727824,0.934402332361516,0.965,0.948,0.983,0.982,0.99,0.99,0.99,0.999,0,0,0,0,"{'Name': 'XGBoost', 'Parameters': {'n_estimators': 10000, 'learning_rate': 0.1, 'n_jobs': -1, 'proc.max_category_levels': 100, 'objective': 'multi:softprob', 'booster': 'gbtree', 'num_class': 9}}",0.964,0.952,0.92,0.936,0.992,0.873,0.923,0.897,0.999,0.971,1.0,0.985,0.999,0.989,0.989,0.989,0.99,0.995,0.933,0.963,0.981,0.796,0.956,0.869,0.964,0.667,0.571,0.615
78804,0.912440693358238,0.9236990434089825,0.910325133398878,0.8997289972899729,0.939843661042631,0.9374574600034082,0.9433510032000123,0.962287104622871,0.986,0.99,0.982,0.993,0.991,0.991,0.991,0.999,0,0,0,0,"{'Name': 'XGBoost', 'Parameters': {'n_estimators': 10000, 'learning_rate': 0.1, 'n_jobs': -1, 'proc.max_category_levels': 100, 'objective': 'multi:softprob', 'booster': 'gbtree', 'num_class': 9}}",0.981,0.974,0.975,0.974,0.997,0.958,0.972,0.965,1.0,1.0,1.0,1.0,0.999,0.989,0.989,0.989,0.992,1.0,0.932,0.965,0.981,0.795,0.908,0.848,0.983,0.741,0.741,0.741
84681,0.9504989303905399,0.9544151374997101,0.9471586078794226,0.9620548744892002,0.9235768196383801,0.9303133976773873,0.918297489979406,0.9299781181619255,0.945,0.918,0.973,0.973,0.991,0.981,1.0,0.998,0,0,0,0,"{'Name': 'XGBoost', 'Parameters': {'n_estimators': 10000, 'learning_rate': 0.1, 'n_jobs': -1, 'proc.max_category_levels': 100, 'objective': 'multi:softprob', 'booster': 'gbtree', 'num_class': 9}}",0.969,0.936,0.927,0.931,0.995,0.957,0.971,0.964,1.0,1.0,1.0,1.0,0.997,0.981,0.99,0.986,0.997,0.933,0.875,0.903,0.979,0.921,0.894,0.907,0.953,0.746,0.635,0.686
87131,0.9555282463019338,0.9572796296222508,0.9538536360549892,0.950950950950951,0.9224789454467734,0.9202577786611401,0.927870899480038,0.944234404536862,0.973,0.966,0.979,0.985,0.992,0.992,0.992,0.998,0,0,0,0,"{'Name': 'XGBoost', 'Parameters': {'n_estimators': 10000, 'learning_rate': 0.1, 'n_jobs': -1, 'proc.max_category_levels': 100, 'objective': 'multi:softprob', 'booster': 'gbtree', 'num_class': 9}}",0.976,0.917,0.943,0.93,0.989,0.935,0.911,0.923,1.0,1.0,1.0,1.0,0.996,0.989,0.989,0.989,0.998,0.846,1.0,0.917,0.989,0.929,0.963,0.945,0.957,0.709,0.574,0.634
89422,0.9380209493544055,0.9501234400602662,0.9282265989686225,0.9468864468864469,0.8950999857514049,0.8885319452968218,0.9126892466085805,0.9039584685269305,0.943,0.98,0.909,0.97,0.996,0.991,1.0,0.999,0,0,0,0,"{'Name': 'XGBoost', 'Parameters': {'n_estimators': 10000, 'learning_rate': 0.1, 'n_jobs': -1, 'proc.max_category_levels': 100, 'objective': 'multi:softprob', 'booster': 'gbtree', 'num_class': 9}}",0.938,0.828,0.965,0.891,0.992,0.889,0.928,0.908,1.0,1.0,1.0,1.0,0.995,0.983,0.977,0.98,0.999,0.846,1.0,0.917,0.951,0.967,0.715,0.822,0.964,0.512,0.719,0.599
90589,0.9264088623413512,0.9428281594171796,0.9187931659042086,0.9149253731343283,0.9279071166740385,0.9437320462784177,0.9149928734277313,0.9476831091180867,0.955,0.933,0.979,0.981,1.0,1.0,1.0,1.0,0,0,0,0,"{'Name': 'XGBoost', 'Parameters': {'n_estimators': 10000, 'learning_rate': 0.1, 'n_jobs': -1, 'proc.max_category_levels': 100, 'objective': 'multi:softprob', 'booster': 'gbtree', 'num_class': 9}}",0.971,0.956,0.962,0.959,0.992,0.914,0.898,0.906,1.0,1.0,1.0,1.0,0.999,1.0,0.994,0.997,0.998,1.0,0.824,0.903,0.989,0.941,0.933,0.937,0.966,0.75,0.646,0.694
94971,0.905810080808086,0.9216705632135052,0.8994909069288456,0.8866141732283465,0.936747508062183,0.9379818477384438,0.9375370065603766,0.9495238095238095,0.967,0.965,0.968,0.98,0.996,0.991,1.0,0.999,0,0,0,0,"{'Name': 'XGBoost', 'Parameters': {'n_estimators': 10000, 'learning_rate': 0.1, 'n_jobs': -1, 'proc.max_category_levels': 100, 'objective': 'multi:softprob', 'booster': 'gbtree', 'num_class': 9}}",0.976,0.922,0.962,0.942,0.992,0.94,0.94,0.94,1.0,1.0,1.0,1.0,0.997,0.978,0.989,0.984,0.999,0.917,1.0,0.957,0.989,0.968,0.955,0.962,0.967,0.76,0.623,0.685
98027,0.9287113563541344,0.9358344219874952,0.9251263003587561,0.947069943289225,0.9234133057505931,0.9385160054851119,0.9136142681219103,0.9275990099009901,0.953,0.951,0.955,0.987,0.997,0.994,1.0,0.999,0,0,0,0,"{'Name': 'XGBoost', 'Parameters': {'n_estimators': 10000, 'learning_rate': 0.1, 'n_jobs': -1, 'proc.max_category_levels': 100, 'objective': 'multi:softprob', 'booster': 'gbtree', 'num_class': 9}}",0.944,0.913,0.975,0.943,0.991,0.875,0.946,0.909,1.0,1.0,1.0,1.0,0.998,0.963,0.988,0.975,0.999,1.0,0.917,0.957,0.959,0.962,0.715,0.82,0.978,0.789,0.727,0.757
98221,0.9377423128754501,0.943132075697811,0.9335564958662871,0.9490445859872612,0.9362373434766879,0.9460977265345113,0.9282516017075186,0.9424460431654677,0.953,0.94,0.966,0.978,0.996,0.991,1.0,0.999,0,0,0,0,"{'Name': 'XGBoost', 'Parameters': {'n_estimators': 10000, 'learning_rate': 0.1, 'n_jobs': -1, 'proc.max_category_levels': 100, 'objective': 'multi:softprob', 'booster': 'gbtree', 'num_class': 9}}",0.973,0.921,0.959,0.94,0.99,0.914,0.898,0.906,1.0,1.0,1.0,1.0,0.999,0.994,1.0,0.997,0.999,1.0,0.917,0.957,0.992,0.967,0.959,0.963,0.955,0.788,0.656,0.716
98561,0.9254785015479167,0.9311460550329537,0.9249653170076542,0.9512383900928792,0.9072751990781668,0.9255766833982714,0.8992245407927277,0.9070028011204482,0.942,0.907,0.981,0.975,0.988,0.983,0.992,0.998,0,0,0,0,"{'Name': 'XGBoost', 'Parameters': {'n_estimators': 10000, 'learning_rate': 0.1, 'n_jobs': -1, 'proc.max_category_levels': 100, 'objective': 'multi:softprob', 'booster': 'gbtree', 'num_class': 9}}",0.944,0.831,0.963,0.892,0.994,0.917,0.93,0.923,1.0,1.0,1.0,1.0,0.997,0.985,0.985,0.985,0.997,0.98,0.995,0.987,0.954,0.943,0.718,0.815,0.955,0.784,0.531,0.633
98649,0.9199694296229273,0.9188504886363928,0.9259914674648423,0.9429190751445087,0.9403289958308386,0.9402126803482843,0.9429247760243413,0.9520408163265306,0.958,0.948,0.969,0.981,0.996,1.0,0.993,0.999,0,0,0,0,"{'Name': 'XGBoost', 'Parameters': {'n_estimators': 10000, 'learning_rate': 0.1, 'n_jobs': -1, 'proc.max_category_levels': 100, 'objective': 'multi:softprob', 'booster': 'gbtree', 'num_class': 9}}",0.98,0.932,0.962,0.947,0.992,0.905,0.966,0.934,1.0,1.0,1.0,1.0,0.998,0.995,0.995,0.995,0.999,0.909,1.0,0.952,0.992,0.963,0.94,0.951,0.964,0.81,0.662,0.729
99315,0.9011534401952931,0.9108938131093394,0.9043112797511861,0.9221153846153847,0.9318751394576997,0.9257165514243029,0.9389491037922382,0.9401260504201681,0.955,0.957,0.953,0.974,0.996,0.992,1.0,0.999,0,0,0,0,"{'Name': 'XGBoost', 'Parameters': {'n_estimators': 10000, 'learning_rate': 0.1, 'n_jobs': -1, 'proc.max_category_levels': 100, 'objective': 'multi:softprob', 'booster': 'gbtree', 'num_class': 9}}",0.97,0.92,0.903,0.911,0.996,0.97,0.97,0.97,1.0,1.0,1.0,1.0,0.996,0.965,0.988,0.976,0.996,0.812,0.929,0.867,0.991,0.966,0.958,0.962,0.96,0.75,0.75,0.75
99584,0.9302630134106048,0.9259503623741708,0.941406981222032,0.936897458369851,0.9423281275011747,0.9484783759697256,0.937213099205244,0.9582191780821918,0.977,0.975,0.98,0.988,0.997,1.0,0.993,0.999,0,0,0,0,"{'Name': 'XGBoost', 'Parameters': {'n_estimators': 10000, 'learning_rate': 0.1, 'n_jobs': -1, 'proc.max_category_levels': 100, 'objective': 'multi:softprob', 'booster': 'gbtree', 'num_class': 9}}",0.977,0.958,0.979,0.969,0.997,0.962,0.943,0.952,1.0,1.0,1.0,1.0,0.997,0.97,0.99,0.98,0.999,0.938,0.938,0.938,0.987,0.926,0.918,0.922,0.973,0.808,0.694,0.747
99615,0.9535050355172486,0.9557350358904354,0.951632065166847,0.951332560834299,0.9253340892414129,0.93242881471738,0.9204344207125383,0.9498663101604278,0.957,0.935,0.98,0.985,1.0,1.0,1.0,1.0,0,0,0,0,"{'Name': 'XGBoost', 'Parameters': {'n_estimators': 10000, 'learning_rate': 0.1, 'n_jobs': -1, 'proc.max_category_levels': 100, 'objective': 'multi:softprob', 'booster': 'gbtree', 'num_class': 9}}",0.977,0.962,0.97,0.966,0.995,0.977,0.944,0.96,1.0,1.0,1.0,1.0,0.998,0.983,0.991,0.987,0.99,0.994,0.926,0.959,0.978,0.836,0.899,0.866,0.976,0.705,0.574,0.633
102058,0.9402824305642657,0.9522960008224237,0.9307834296365017,0.9513457556935818,0.9382422064262642,0.9392421919455054,0.9412608610784328,0.9522952295229523,0.972,0.972,0.972,0.982,0.996,1.0,0.992,0.999,0,0,0,0,"{'Name': 'XGBoost', 'Parameters': {'n_estimators': 10000, 'learning_rate': 0.1, 'n_jobs': -1, 'proc.max_category_levels': 100, 'objective': 'multi:softprob', 'booster': 'gbtree', 'num_class': 9}}",0.974,0.86,0.967,0.91,0.999,1.0,0.982,0.991,1.0,1.0,1.0,1.0,0.997,0.991,0.995,0.993,0.996,0.812,0.929,0.867,0.993,0.953,0.953,0.953,0.964,0.865,0.681,0.762
102253,0.923632506060144,0.9181579366107155,0.9372429187222598,0.9319412219644239,0.8962324879525931,0.8836912193438942,0.9200297490152681,0.9061488673139159,0.933,0.932,0.935,0.962,1.0,1.0,1.0,1.0,0,0,0,0,"{'Name': 'XGBoost', 'Parameters': {'n_estimators': 10000, 'learning_rate': 0.1, 'n_jobs': -1, 'proc.max_category_levels': 100, 'objective': 'multi:softprob', 'booster': 'gbtree', 'num_class': 9}}",0.947,0.877,0.918,0.897,0.996,0.948,0.982,0.965,1.0,1.0,1.0,1.0,0.994,0.914,1.0,0.955,0.996,0.667,1.0,0.8,0.992,0.949,0.961,0.955,0.926,0.667,0.484,0.561
102663,0.9268482037888314,0.9264439374352027,0.9281699622158689,0.9422885572139303,0.9376131997722558,0.9457062220480859,0.9303883282991071,0.9392752203721841,0.958,0.947,0.969,0.976,0.996,0.993,1.0,0.999,0,0,0,0,"{'Name': 'XGBoost', 'Parameters': {'n_estimators': 10000, 'learning_rate': 0.1, 'n_jobs': -1, 'proc.max_category_levels': 100, 'objective': 'multi:softprob', 'booster': 'gbtree', 'num_class': 9}}",0.971,0.927,0.943,0.935,0.994,0.957,0.918,0.938,1.0,1.0,1.0,1.0,0.998,0.987,0.987,0.987,0.999,1.0,0.933,0.966,0.988,0.944,0.944,0.944,0.954,0.756,0.678,0.715
102898,0.9572596120490962,0.9561639049225816,0.9586687365438274,0.9549019607843138,0.9341037838649622,0.9309349073230335,0.9385856240619835,0.9606946983546618,0.975,0.979,0.972,0.987,0.992,0.992,0.992,0.998,0,0,0,0,"{'Name': 'XGBoost', 'Parameters': {'n_estimators': 10000, 'learning_rate': 0.1, 'n_jobs': -1, 'proc.max_category_levels': 100, 'objective': 'multi:softprob', 'booster': 'gbtree', 'num_class': 9}}",0.976,0.975,0.961,0.968,0.996,0.925,1.0,0.961,1.0,1.0,1.0,1.0,0.996,0.941,1.0,0.97,0.997,0.909,0.833,0.87,0.992,0.962,0.928,0.945,0.978,0.696,0.762,0.727
105075,0.9498613656057001,0.9561810925023063,0.9467322048188493,0.9506369426751592,0.9238522768087463,0.9454473267024193,0.9072723437514172,0.9278937381404174,0.959,0.943,0.975,0.974,1.0,1.0,1.0,1.0,0,0,0,0,"{'Name': 'XGBoost', 'Parameters': {'n_estimators': 10000, 'learning_rate': 0.1, 'n_jobs': -1, 'proc.max_category_levels': 100, 'objective': 'multi:softprob', 'booster': 'gbtree', 'num_class': 9}}",0.962,0.866,0.963,0.912,0.992,0.961,0.891,0.925,1.0,1.0,1.0,1.0,0.996,0.989,0.967,0.978,0.998,1.0,0.833,0.909,0.982,0.934,0.892,0.912,0.951,0.817,0.644,0.72
107425,0.9408813957278811,0.9446132761813342,0.9382433193836702,0.9370677731673582,0.9130586672094682,0.927308985076726,0.9091028827205121,0.9150707743547044,0.912,0.852,0.982,0.957,1.0,1.0,1.0,1.0,0,0,0,0,"{'Name': 'XGBoost', 'Parameters': {'n_estimators': 10000, 'learning_rate': 0.1, 'n_jobs': -1, 'proc.max_category_levels': 100, 'objective': 'multi:softprob', 'booster': 'gbtree', 'num_class': 9}}",0.978,0.921,0.97,0.945,0.995,0.973,0.948,0.961,1.0,1.0,1.0,1.0,0.996,0.958,0.971,0.965,0.983,0.989,0.912,0.949,0.979,0.84,0.903,0.87,0.942,0.812,0.496,0.615
108744,0.9215805911361473,0.9354422877937706,0.9105640609701875,0.9413875598086124,0.9191552569405823,0.9152681997079958,0.9256578042974398,0.934018851756641,0.96,0.961,0.959,0.973,0.996,0.991,1.0,0.999,0,0,0,0,"{'Name': 'XGBoost', 'Parameters': {'n_estimators': 10000, 'learning_rate': 0.1, 'n_jobs': -1, 'proc.max_category_levels': 100, 'objective': 'multi:softprob', 'booster': 'gbtree', 'num_class': 9}}",0.969,0.912,0.954,0.932,0.995,0.943,0.971,0.957,1.0,1.0,1.0,1.0,0.997,0.953,0.984,0.968,0.997,0.8,0.923,0.857,0.991,0.963,0.956,0.959,0.948,0.714,0.585,0.643
108998,0.9387974987266996,0.9361142165709714,0.9433592141926594,0.9491133384734002,0.8980372264551231,0.9121526177812309,0.8916226201353825,0.9096705632306057,0.945,0.915,0.976,0.969,0.988,0.983,0.992,0.997,0,0,0,0,"{'Name': 'XGBoost', 'Parameters': {'n_estimators': 10000, 'learning_rate': 0.1, 'n_jobs': -1, 'proc.max_category_levels': 100, 'objective': 'multi:softprob', 'booster': 'gbtree', 'num_class': 9}}",0.948,0.854,0.936,0.893,0.995,0.967,0.951,0.959,1.0,1.0,1.0,1.0,0.998,0.971,1.0,0.985,0.996,0.857,0.857,0.857,0.984,0.965,0.872,0.916,0.933,0.698,0.44,0.54
109585,0.9359967793498688,0.9339791780463992,0.9398624432037224,0.9410211267605634,0.9103023244066715,0.918746859478195,0.9056857064453882,0.9458874458874459,0.969,0.953,0.985,0.977,1.0,1.0,1.0,1.0,0,0,0,0,"{'Name': 'XGBoost', 'Parameters': {'n_estimators': 10000, 'learning_rate': 0.1, 'n_jobs': -1, 'proc.max_category_levels': 100, 'objective': 'multi:softprob', 'booster': 'gbtree', 'num_class': 9}}",0.983,0.94,0.972,0.955,0.994,0.94,0.94,0.94,1.0,1.0,1.0,1.0,0.995,0.918,0.978,0.947,0.994,0.769,0.769,0.769,0.989,0.97,0.933,0.951,0.961,0.778,0.574,0.66
110611,0.9201452019473204,0.9226969242101887,0.9195602292604477,0.9364820846905537,0.921916339570203,0.9356475637547873,0.9140986267181498,0.9197665937272064,0.955,0.962,0.949,0.985,1.0,1.0,1.0,1.0,0,0,0,0,"{'Name': 'XGBoost', 'Parameters': {'n_estimators': 10000, 'learning_rate': 0.1, 'n_jobs': -1, 'proc.max_category_levels': 100, 'objective': 'multi:softprob', 'booster': 'gbtree', 'num_class': 9}}",0.944,0.831,0.977,0.898,0.995,0.938,0.952,0.945,1.0,1.0,1.0,1.0,0.996,0.968,0.978,0.973,0.996,0.984,0.989,0.987,0.953,0.945,0.759,0.842,0.971,0.793,0.622,0.697
111809,0.9128155467255709,0.9326666677285006,0.8975370657989161,0.9303415941058272,0.9322496978472878,0.9390886132862583,0.9330934293930631,0.9427168576104746,0.969,0.954,0.984,0.984,1.0,1.0,1.0,1.0,0,0,0,0,"{'Name': 'XGBoost', 'Parameters': {'n_estimators': 10000, 'learning_rate': 0.1, 'n_jobs': -1, 'proc.max_category_levels': 100, 'objective': 'multi:softprob', 'booster': 'gbtree', 'num_class': 9}}",0.977,0.935,0.963,0.949,0.996,0.967,0.952,0.959,1.0,1.0,1.0,1.0,0.997,0.953,1.0,0.976,0.988,1.0,0.921,0.959,0.98,0.788,0.976,0.872,0.964,0.855,0.602,0.707
114640,0.910641027920263,0.9157588041126219,0.9150131776684532,0.9156626506024096,0.927208277454076,0.9476042753575261,0.9186162257915758,0.9325108853410741,0.928,0.894,0.964,0.964,1.0,1.0,1.0,1.0,0,0,0,0,"{'Name': 'XGBoost', 'Parameters': {'n_estimators': 10000, 'learning_rate': 0.1, 'n_jobs': -1, 'proc.max_category_levels': 100, 'objective': 'multi:softprob', 'booster': 'gbtree', 'num_class': 9}}",0.971,0.925,0.98,0.952,0.996,0.984,0.938,0.961,1.0,1.0,1.0,1.0,0.999,0.995,0.995,0.995,1.0,1.0,1.0,1.0,0.988,0.924,0.94,0.932,0.947,0.806,0.45,0.578
122816,0.9354212498299397,0.936577715609427,0.9364701418115966,0.950517836593786,0.9333442856440394,0.9320133201650201,0.9357470189904075,0.9376996805111821,0.952,0.932,0.973,0.977,1.0,1.0,1.0,1.0,0,0,0,0,"{'Name': 'XGBoost', 'Parameters': {'n_estimators': 10000, 'learning_rate': 0.1, 'n_jobs': -1, 'proc.max_category_levels': 100, 'objective': 'multi:softprob', 'booster': 'gbtree', 'num_class': 9}}",0.973,0.968,0.954,0.961,0.99,0.901,0.928,0.914,1.0,1.0,1.0,1.0,0.998,0.988,0.976,0.982,0.999,0.947,1.0,0.973,0.986,0.905,0.938,0.921,0.953,0.747,0.654,0.697
124112,0.9323805388379406,0.9480938633874959,0.925872538766997,0.9460825610783488,0.9404538283399843,0.9516212608305233,0.9321477336391519,0.9413680781758957,0.939,0.93,0.948,0.972,0.992,1.0,0.985,0.998,0,0,0,0,"{'Name': 'XGBoost', 'Parameters': {'n_estimators': 10000, 'learning_rate': 0.1, 'n_jobs': -1, 'proc.max_category_levels': 100, 'objective': 'multi:softprob', 'booster': 'gbtree', 'num_class': 9}}",0.976,0.939,0.97,0.954,0.992,0.952,0.937,0.944,1.0,1.0,1.0,1.0,0.996,0.931,1.0,0.964,0.999,1.0,0.833,0.909,0.992,0.956,0.967,0.961,0.958,0.857,0.75,0.8
124299,0.9482443895002971,0.9518791750176201,0.9478521479736991,0.960708782742681,0.92270163159364,0.9301434725523836,0.9168765616541515,0.9474442044636429,0.966,0.973,0.958,0.983,0.997,1.0,0.993,0.999,0,0,0,0,"{'Name': 'XGBoost', 'Parameters': {'n_estimators': 10000, 'learning_rate': 0.1, 'n_jobs': -1, 'proc.max_category_levels': 100, 'objective': 'multi:softprob', 'booster': 'gbtree', 'num_class': 9}}",0.971,0.955,0.97,0.962,0.994,0.895,0.962,0.927,1.0,1.0,1.0,1.0,0.998,0.991,0.983,0.987,0.999,1.0,0.857,0.923,0.988,0.938,0.9,0.918,0.962,0.62,0.629,0.624
124581,0.9193057333813057,0.9370643167898051,0.9060372116023854,0.9255251432208784,0.9330594370836158,0.9313489398777364,0.9360635835119224,0.9499072356215214,0.986,0.987,0.984,0.992,1.0,1.0,1.0,1.0,0,0,0,0,"{'Name': 'XGBoost', 'Parameters': {'n_estimators': 10000, 'learning_rate': 0.1, 'n_jobs': -1, 'proc.max_category_levels': 100, 'objective': 'multi:softprob', 'booster': 'gbtree', 'num_class': 9}}",0.979,0.911,0.941,0.926,0.992,0.932,0.917,0.924,1.0,1.0,1.0,1.0,1.0,1.0,1.0,1.0,0.985,1.0,0.916,0.956,0.982,0.853,0.969,0.907,0.97,0.698,0.698,0.698
127512,0.9363646121197111,0.9281253585415588,0.9484662653720848,0.9458509142053446,0.8901830136625559,0.8979512843534572,0.8909615699961457,0.909323116219668,0.974,0.968,0.98,0.981,0.995,1.0,0.991,0.999,0,0,0,0,"{'Name': 'XGBoost', 'Parameters': {'n_estimators': 10000, 'learning_rate': 0.1, 'n_jobs': -1, 'proc.max_category_levels': 100, 'objective': 'multi:softprob', 'booster': 'gbtree', 'num_class': 9}}",0.943,0.834,0.973,0.898,0.99,0.827,0.954,0.886,1.0,1.0,1.0,1.0,0.994,0.913,0.955,0.933,0.999,0.875,0.875,0.875,0.944,0.973,0.683,0.803,0.969,0.692,0.608,0.647
128563,0.9269053494671972,0.9339743158773636,0.9208741255803431,0.9399421128798843,0.9296869652562568,0.9338371385239567,0.9317027989647038,0.9393617021276596,0.954,0.943,0.964,0.978,0.991,0.991,0.991,0.998,0,0,0,0,"{'Name': 'XGBoost', 'Parameters': {'n_estimators': 10000, 'learning_rate': 0.1, 'n_jobs': -1, 'proc.max_category_levels': 100, 'objective': 'multi:softprob', 'booster': 'gbtree', 'num_class': 9}}",0.979,0.865,0.973,0.916,0.996,0.948,0.982,0.965,1.0,1.0,1.0,1.0,0.999,0.986,1.0,0.993,0.988,0.995,0.949,0.971,0.981,0.833,0.929,0.878,0.961,0.843,0.597,0.699
128990,0.9326289762568213,0.9380917827718103,0.927795784599635,0.9440048691418138,0.9419903069132806,0.9473030105764073,0.9373676956730626,0.9392605633802817,0.949,0.929,0.97,0.969,1.0,1.0,1.0,1.0,0,0,0,0,"{'Name': 'XGBoost', 'Parameters': {'n_estimators': 10000, 'learning_rate': 0.1, 'n_jobs': -1, 'proc.max_category_levels': 100, 'objective': 'multi:softprob', 'booster': 'gbtree', 'num_class': 9}}",0.977,0.934,0.943,0.938,0.997,0.985,0.971,0.978,1.0,1.0,1.0,1.0,0.995,0.989,0.978,0.984,1.0,1.0,1.0,1.0,0.988,0.951,0.915,0.933,0.952,0.738,0.66,0.697
131000,0.9370605413270116,0.9468117966793417,0.9313505022156713,0.9456094364351245,0.907873380756623,0.8971846715258229,0.9290787116557949,0.9259962049335864,0.954,0.942,0.965,0.982,0.993,0.993,0.993,0.998,0,0,0,0,"{'Name': 'XGBoost', 'Parameters': {'n_estimators': 10000, 'learning_rate': 0.1, 'n_jobs': -1, 'proc.max_category_levels': 100, 'objective': 'multi:softprob', 'booster': 'gbtree', 'num_class': 9}}",0.957,0.929,0.938,0.934,0.989,0.897,0.897,0.897,1.0,1.0,1.0,1.0,0.996,0.969,0.969,0.969,0.995,0.643,1.0,0.783,0.985,0.909,0.957,0.932,0.95,0.793,0.644,0.71
131627,0.9176242420207825,0.9241213856423539,0.9198349422352352,0.9341275402943238,0.9426304742665601,0.9446263318455063,0.9422313152193289,0.9478584729981379,0.964,0.973,0.956,0.98,0.993,1.0,0.986,0.998,0,0,0,0,"{'Name': 'XGBoost', 'Parameters': {'n_estimators': 10000, 'learning_rate': 0.1, 'n_jobs': -1, 'proc.max_category_levels': 100, 'objective': 'multi:softprob', 'booster': 'gbtree', 'num_class': 9}}",0.974,0.932,0.941,0.936,0.993,0.938,0.953,0.946,1.0,1.0,1.0,1.0,0.998,0.988,1.0,0.994,1.0,1.0,1.0,1.0,0.989,0.964,0.844,0.9,0.963,0.706,0.8,0.75
132181,0.91763893819101,0.9311240071962923,0.9113580771030594,0.9165554072096128,0.9166902053021215,0.9135816871255086,0.9242225071085711,0.9262877442273535,0.926,0.905,0.948,0.969,0.991,0.991,0.991,0.998,0,0,0,0,"{'Name': 'XGBoost', 'Parameters': {'n_estimators': 10000, 'learning_rate': 0.1, 'n_jobs': -1, 'proc.max_category_levels': 100, 'objective': 'multi:softprob', 'booster': 'gbtree', 'num_class': 9}}",0.964,0.945,0.956,0.951,0.994,0.898,0.981,0.938,1.0,1.0,1.0,1.0,0.997,0.974,0.987,0.981,0.996,0.812,0.929,0.867,0.989,0.924,0.944,0.934,0.945,0.772,0.581,0.663
135827,0.9433118874030746,0.9459054868696168,0.9413901208214559,0.9441460794844253,0.9465441243560756,0.9384619071641573,0.9572029993402165,0.9624664879356568,0.979,0.98,0.978,0.989,0.997,1.0,0.994,0.999,0,0,0,0,"{'Name': 'XGBoost', 'Parameters': {'n_estimators': 10000, 'learning_rate': 0.1, 'n_jobs': -1, 'proc.max_category_levels': 100, 'objective': 'multi:softprob', 'booster': 'gbtree', 'num_class': 9}}",0.979,0.966,0.972,0.969,0.993,0.897,0.972,0.933,1.0,1.0,1.0,1.0,0.997,0.963,0.975,0.969,0.998,0.824,1.0,0.903,0.992,0.973,0.947,0.959,0.978,0.843,0.778,0.809
136659,0.9323844316999382,0.9407145302899173,0.9250071494278126,0.9523809523809523,0.8900964201441541,0.8963056709351522,0.8999182711773683,0.8857615894039735,0.96,0.949,0.972,0.981,0.981,0.981,0.981,0.997,0,0,0,0,"{'Name': 'XGBoost', 'Parameters': {'n_estimators': 10000, 'learning_rate': 0.1, 'n_jobs': -1, 'proc.max_category_levels': 100, 'objective': 'multi:softprob', 'booster': 'gbtree', 'num_class': 9}}",0.917,0.78,0.96,0.861,0.99,0.904,0.93,0.917,1.0,1.0,1.0,1.0,0.995,0.973,0.973,0.973,0.998,0.75,1.0,0.857,0.924,0.945,0.585,0.723,0.97,0.785,0.699,0.739
136947,0.9044758301765382,0.9265571979732551,0.9010240575407068,0.9079903147699758,0.9035269849344724,0.9260242498072486,0.8896510375316533,0.9090909090909091,0.916,0.878,0.958,0.952,1.0,1.0,1.0,1.0,0,0,0,0,"{'Name': 'XGBoost', 'Parameters': {'n_estimators': 10000, 'learning_rate': 0.1, 'n_jobs': -1, 'proc.max_category_levels': 100, 'objective': 'multi:softprob', 'booster': 'gbtree', 'num_class': 9}}",0.965,0.876,0.917,0.896,0.993,0.9,0.957,0.928,1.0,1.0,1.0,1.0,0.999,1.0,0.994,0.997,0.996,1.0,0.714,0.833,0.986,0.941,0.899,0.92,0.926,0.739,0.567,0.642
137682,0.9273998213171506,0.9459345564972028,0.9168692514123613,0.920926517571885,0.9133601320605224,0.9321435952573752,0.901726502037202,0.911504424778761,0.968,0.965,0.97,0.982,1.0,1.0,1.0,1.0,0,0,0,0,"{'Name': 'XGBoost', 'Parameters': {'n_estimators': 10000, 'learning_rate': 0.1, 'n_jobs': -1, 'proc.max_category_levels': 100, 'objective': 'multi:softprob', 'booster': 'gbtree', 'num_class': 9}}",0.935,0.852,0.968,0.906,0.994,0.905,0.971,0.937,1.0,1.0,1.0,1.0,0.997,0.962,0.962,0.962,0.999,1.0,0.923,0.96,0.947,0.928,0.678,0.783,0.968,0.778,0.644,0.704
139906,0.9380680119666578,0.9418675371077911,0.9375813510019313,0.9548167092924126,0.9132660217549705,0.9116165800403869,0.9166431119717855,0.9416863672182821,0.958,0.976,0.941,0.972,1.0,1.0,1.0,1.0,0,0,0,0,"{'Name': 'XGBoost', 'Parameters': {'n_estimators': 10000, 'learning_rate': 0.1, 'n_jobs': -1, 'proc.max_category_levels': 100, 'objective': 'multi:softprob', 'booster': 'gbtree', 'num_class': 9}}",0.976,0.945,0.973,0.959,0.992,0.945,0.92,0.932,1.0,1.0,1.0,1.0,0.997,0.952,0.984,0.968,0.997,0.75,0.75,0.75,0.984,0.955,0.877,0.915,0.965,0.681,0.805,0.738
140979,0.9323758594531637,0.9474556091754217,0.9196591411342018,0.9331259720062208,0.9473648046826058,0.9439780054805215,0.9523022815752858,0.9628180039138943,0.987,0.99,0.984,0.99,0.996,0.991,1.0,0.999,0,0,0,0,"{'Name': 'XGBoost', 'Parameters': {'n_estimators': 10000, 'learning_rate': 0.1, 'n_jobs': -1, 'proc.max_category_levels': 100, 'objective': 'multi:softprob', 'booster': 'gbtree', 'num_class': 9}}",0.977,0.923,0.952,0.937,0.996,0.971,0.971,0.971,1.0,1.0,1.0,1.0,0.998,0.972,1.0,0.986,0.996,0.812,0.929,0.867,0.997,0.989,0.978,0.984,0.973,0.848,0.757,0.8
141093,0.9352608219077266,0.9395911813952085,0.9350629794955871,0.9529667149059334,0.9330060957117952,0.9277082477179329,0.9399389310923768,0.953757225433526,0.958,0.96,0.956,0.984,0.992,0.992,0.992,0.998,0,0,0,0,"{'Name': 'XGBoost', 'Parameters': {'n_estimators': 10000, 'learning_rate': 0.1, 'n_jobs': -1, 'proc.max_category_levels': 100, 'objective': 'multi:softprob', 'booster': 'gbtree', 'num_class': 9}}",0.977,0.965,0.973,0.969,0.996,0.967,0.952,0.959,1.0,1.0,1.0,1.0,0.998,0.98,1.0,0.99,0.997,0.75,0.9,0.818,0.988,0.96,0.93,0.945,0.969,0.775,0.756,0.765
141400,0.9480421817419791,0.9526640762986683,0.9437373427499379,0.9481327800829875,0.9179433570682853,0.9280176702962188,0.9134002227122404,0.927159209157128,0.967,0.966,0.969,0.977,0.991,0.991,0.991,0.999,0,0,0,0,"{'Name': 'XGBoost', 'Parameters': {'n_estimators': 10000, 'learning_rate': 0.1, 'n_jobs': -1, 'proc.max_category_levels': 100, 'objective': 'multi:softprob', 'booster': 'gbtree', 'num_class': 9}}",0.956,0.851,0.982,0.912,0.993,0.862,0.933,0.896,1.0,1.0,1.0,1.0,0.998,0.991,0.991,0.991,1.0,1.0,1.0,1.0,0.964,0.971,0.764,0.855,0.967,0.72,0.59,0.648
142621,0.9099450425652028,0.9361222708301175,0.9000288409501666,0.9067567567567567,0.929498858960318,0.9238979259023709,0.9367942902454764,0.9471799462846912,0.972,0.988,0.958,0.976,0.996,0.991,1.0,0.999,0,0,0,0,"{'Name': 'XGBoost', 'Parameters': {'n_estimators': 10000, 'learning_rate': 0.1, 'n_jobs': -1, 'proc.max_category_levels': 100, 'objective': 'multi:softprob', 'booster': 'gbtree', 'num_class': 9}}",0.978,0.909,0.938,0.923,0.993,0.932,0.932,0.932,1.0,1.0,1.0,1.0,0.996,0.964,0.988,0.976,0.998,0.9,0.9,0.9,0.989,0.973,0.922,0.947,0.965,0.658,0.794,0.719
144161,0.9469668739653861,0.952194122771055,0.9452403376571188,0.9586397058823529,0.9121939639582387,0.9078633845536643,0.9197947973098195,0.9276859504132231,0.957,0.947,0.968,0.972,0.991,0.991,0.991,0.998,0,0,0,0,"{'Name': 'XGBoost', 'Parameters': {'n_estimators': 10000, 'learning_rate': 0.1, 'n_jobs': -1, 'proc.max_category_levels': 100, 'objective': 'multi:softprob', 'booster': 'gbtree', 'num_class': 9}}",0.965,0.9,0.9,0.9,0.992,0.95,0.95,0.95,1.0,1.0,1.0,1.0,0.992,0.896,1.0,0.945,0.993,0.706,0.857,0.774,0.991,0.988,0.913,0.949,0.954,0.793,0.699,0.743
146003,0.904455535387478,0.9046706593599683,0.9125106857770279,0.9157509157509157,0.9035535238687539,0.9023928706375115,0.9125838049494442,0.9073900841908326,0.915,0.865,0.972,0.964,0.993,1.0,0.987,0.998,0,0,0,0,"{'Name': 'XGBoost', 'Parameters': {'n_estimators': 10000, 'learning_rate': 0.1, 'n_jobs': -1, 'proc.max_category_levels': 100, 'objective': 'multi:softprob', 'booster': 'gbtree', 'num_class': 9}}",0.959,0.912,0.943,0.927,0.993,0.961,0.936,0.948,1.0,1.0,1.0,1.0,0.996,0.944,1.0,0.971,0.996,0.769,0.909,0.833,0.986,0.895,0.944,0.919,0.922,0.775,0.523,0.624
146983,0.9509241731574569,0.9609926529282072,0.9417982842644346,0.9601423487544484,0.9543341826260049,0.9453307514427745,0.9654916818139608,0.96700706991359,0.978,0.967,0.99,0.987,0.996,0.991,1.0,0.999,0,0,0,0,"{'Name': 'XGBoost', 'Parameters': {'n_estimators': 10000, 'learning_rate': 0.1, 'n_jobs': -1, 'proc.max_category_levels': 100, 'objective': 'multi:softprob', 'booster': 'gbtree', 'num_class': 9}}",0.98,0.983,0.955,0.969,0.998,0.985,0.971,0.978,1.0,1.0,1.0,1.0,0.999,1.0,0.988,0.994,0.998,0.818,1.0,0.9,0.994,0.956,0.956,0.956,0.98,0.808,0.831,0.819
152819,0.9444077034377069,0.9555176117881182,0.9364344958558237,0.9491978609625669,0.9115630636567436,0.915179557169178,0.9097174097664317,0.9266123054114158,0.957,0.956,0.958,0.973,0.992,0.992,0.992,0.999,0,0,0,0,"{'Name': 'XGBoost', 'Parameters': {'n_estimators': 10000, 'learning_rate': 0.1, 'n_jobs': -1, 'proc.max_category_levels': 100, 'objective': 'multi:softprob', 'booster': 'gbtree', 'num_class': 9}}",0.968,0.871,0.94,0.904,0.993,0.915,0.915,0.915,1.0,1.0,1.0,1.0,0.998,0.978,0.989,0.984,0.99,0.979,0.948,0.963,0.981,0.888,0.91,0.899,0.953,0.657,0.535,0.59
154162,0.9526802848113068,0.9503935074907963,0.9567827749272106,0.9575518262586377,0.9178067957139306,0.9265840794086123,0.9102165038762544,0.9320843091334895,0.94,0.952,0.929,0.969,0.996,0.991,1.0,0.999,0,0,0,0,"{'Name': 'XGBoost', 'Parameters': {'n_estimators': 10000, 'learning_rate': 0.1, 'n_jobs': -1, 'proc.max_category_levels': 100, 'objective': 'multi:softprob', 'booster': 'gbtree', 'num_class': 9}}",0.973,0.934,0.985,0.959,0.995,0.927,0.944,0.936,1.0,1.0,1.0,1.0,0.997,0.981,0.981,0.981,0.999,1.0,0.9,0.947,0.987,0.978,0.904,0.94,0.945,0.577,0.549,0.562
155349,0.9479777396132367,0.9529908445871383,0.9437961134696198,0.9565217391304348,0.9208147054343461,0.9214469093261068,0.9231128088864524,0.9233361415332771,0.914,0.903,0.926,0.959,1.0,1.0,1.0,1.0,0,0,0,0,"{'Name': 'XGBoost', 'Parameters': {'n_estimators': 10000, 'learning_rate': 0.1, 'n_jobs': -1, 'proc.max_category_levels': 100, 'objective': 'multi:softprob', 'booster': 'gbtree', 'num_class': 9}}",0.967,0.939,0.969,0.954,0.994,0.907,0.961,0.933,0.998,0.939,1.0,0.969,0.999,0.986,1.0,0.993,0.998,0.917,0.917,0.917,0.989,0.926,0.936,0.931,0.942,0.774,0.6,0.676
156940,0.9116444749458861,0.9286563368880442,0.9016148067057149,0.9133811230585425,0.9073808970101717,0.8980930432633945,0.9193899071293229,0.9445628997867804,0.976,0.986,0.967,0.982,1.0,1.0,1.0,1.0,0,0,0,0,"{'Name': 'XGBoost', 'Parameters': {'n_estimators': 10000, 'learning_rate': 0.1, 'n_jobs': -1, 'proc.max_category_levels': 100, 'objective': 'multi:softprob', 'booster': 'gbtree', 'num_class': 9}}",0.975,0.905,0.937,0.92,0.993,0.953,0.938,0.946,1.0,1.0,1.0,1.0,0.995,0.969,0.955,0.962,0.995,0.714,0.909,0.8,0.987,0.947,0.947,0.947,0.963,0.609,0.622,0.615
158133,0.9177549369155008,0.9095174116418911,0.9319110393686666,0.9361702127659575,0.9116992492136627,0.9197298117294869,0.9066677120617899,0.9216043755697356,0.93,0.911,0.95,0.966,0.996,1.0,0.993,0.999,0,0,0,0,"{'Name': 'XGBoost', 'Parameters': {'n_estimators': 10000, 'learning_rate': 0.1, 'n_jobs': -1, 'proc.max_category_levels': 100, 'objective': 'multi:softprob', 'booster': 'gbtree', 'num_class': 9}}",0.964,0.92,0.95,0.935,0.994,0.929,0.97,0.949,1.0,1.0,1.0,1.0,0.999,0.989,1.0,0.994,0.997,0.929,0.867,0.897,0.986,0.939,0.93,0.934,0.938,0.662,0.5,0.57
